start,end,today,deviceid,phonenumber,This is a form used to map Telecommunication Facilities. Please fill this form while at the Telecommunication Facility location.,Name of data collector,City,Commune,Name of quartier,Name of sector,Name of sector,Please take a GPS point at this Telecommunication Facility.,_Please take a GPS point at this Telecommunication Facility._latitude,_Please take a GPS point at this Telecommunication Facility._longitude,_Please take a GPS point at this Telecommunication Facility._altitude,_Please take a GPS point at this Telecommunication Facility._precision,Man Made,Telecom,Communication,Who is operator of the facility,You are now at end of this form. Thank you for filling it out. Swipe to the next page/screen and save form.,_id,_uuid,_submission_time,_validation_status,_index
2021-02-08T15:48:41.618Z,2021-02-08T15:56:12.895Z,2021-02-08,collect:AdfiW4ZdTTGYwc43,,,Anna Diarra,Bamako,Commune IV,Sébéninkoro,,Sebenikoro secteur 1,12.5884894 -8.0535179 333.57615749657526 1.3,12.5884894,-8.0535179,333.57615749657526,1.3,Antenna,Distribution Point,Mobile Phone,Orange Mali,,151,0094bb99-dc5a-4847-8bd3-cd496e21b2a9,2021-02-08T16:41:40,,1
2021-02-08T12:40:46.461Z,2021-02-08T12:42:08.853Z,2021-02-08,collect:RO63CMdXvKJxXYeB,,,Ousmane Kouyate ,Bamako,Commune I,Banconi,Banconi Layebougou,Layebougou ,12.6745174 -7.965127 387.08314220965843 3.411,12.6745174,-7.965127,387.08314220965843,3.411,Antenna,Connection Point,Mobile Phone,Orange ,,158,4d588e98-0b8c-4247-9f45-8c76ad544677,2021-02-08T16:48:36,,2
2021-02-08T13:19:16.304Z,2021-02-08T13:23:13.980Z,2021-02-08,collect:doqJGB7PZxYJ95Vo,,,Ibrahima BABY ,Bamako,Commune IV,Sébéninkoro,,Sébenikoro secteur 1,12.5873466 -8.059529 361.0 5.333,12.5873466,-8.059529,361.0,5.333,Antenna,Distribution Point,Mobile Phone,Malitel ,,161,abbc83e8-41f5-4633-a433-31a512896c01,2021-02-08T16:52:49,,3
2021-02-08T12:25:36.941Z,2021-02-08T12:39:40.835Z,2021-02-08,collect:rWmgRjTPVggkfceM,,,Awa camara,Bamako,Commune IV,Hamdallaye,,Agence hamdalaye,12.6421433 -8.0204017 347.50267168371283 1.328,12.6421433,-8.0204017,347.50267168371283,1.328,Mast,,,,,163,a740c701-37a5-4547-999d-af56c73f5d05,2021-02-08T16:53:56,,4
2021-02-08T14:37:00.235Z,2021-02-08T14:43:39.070Z,2021-02-08,collect:rWmgRjTPVggkfceM,,,Awa camara,Bamako,Commune IV,Lafiabougou,,Hamdalaye aci,12.6275267 -8.0302417 339.76053578131405 1.4,12.6275267,-8.0302417,339.76053578131405,1.4,Antenna,Distribution Point,Television,,,165,ca2d6f65-53e1-4b14-893e-07fb438b96ee,2021-02-08T16:54:00,,5
2021-02-08T12:33:22.197Z,2021-02-08T12:34:17.526Z,2021-02-08,collect:rpvpthByLQPVYLdY,,,Kassim TRAORE ,Bamako,Commune III,Darsalam,,,12.650695 -8.0053233 344.98860339033735 3.9,12.650695,-8.0053233,344.98860339033735,3.9,Antenna,Exchange,Mobile Phone,Malitel ,,191,4538f9b4-fcb5-4339-9188-398cf643182b,2021-02-08T17:29:23,,6
2021-02-08T12:27:15.988Z,2021-02-08T12:30:59.038Z,2021-02-08,collect:8htkpzfiqj8dFVDp,,,Habibatou sanogo,Bamako,Commune III,Darsalam,,,12.6518377 -8.0060109 366.76001220703125 3.964,12.6518377,-8.0060109,366.76001220703125,3.964,Communication Tower,Service Device,Mobile Phone,Orange,,219,7327b87f-df01-4a22-b591-2ef6799567fa,2021-02-08T18:17:52,,7
2021-02-09T14:40:48.845Z,2021-02-09T14:45:02.411Z,2021-02-09,collect:rWmgRjTPVggkfceM,,,Awa camara,Bamako,Commune IV,Lafiabougou,,Lassa,12.6544533 -8.0445767 441.85621916075394 1.4,12.6544533,-8.0445767,441.85621916075394,1.4,Antenna,Distribution Point,Mobile Phone,Malitel,,324,16d9dc07-69f3-415b-9824-50fa6346ebe9,2021-02-09T15:53:31,,8
2021-02-09T10:11:14.962Z,2021-02-09T10:13:49.005Z,2021-02-09,collect:AdfiW4ZdTTGYwc43,,,Anna Diarra,Bamako,Commune IV,Sébéninkoro,,,12.5996683 -8.053815 335.4292927218287 2.4,12.5996683,-8.053815,335.4292927218287,2.4,Antenna,Distribution Point,Mobile Phone,Malitel,,329,f661b1f4-88ea-4f2f-b1b7-87c6e65bc037,2021-02-09T16:03:28,,9
2021-02-09T10:25:42.761Z,2021-02-09T10:30:30.572Z,2021-02-09,collect:AdfiW4ZdTTGYwc43,,,Anna Diarra,Bamako,Commune IV,Sébéninkoro,,,12.5973 -8.0565683 336.0775994103064 3.9,12.5973,-8.0565683,336.0775994103064,3.9,Antenna,Distribution Point,Mobile Phone,Orange Mali,,330,f64e163f-fe01-421b-adc0-b80a020cbf22,2021-02-09T16:03:28,,10
2021-02-09T11:24:38.814Z,2021-02-09T11:25:16.304Z,2021-02-09,collect:rpvpthByLQPVYLdY,,,Kassim TRAORE ,Bamako,Commune III,Same,,Orange ,12.66808 -8.0419983 386.851311166085 3.9,12.66808,-8.0419983,386.851311166085,3.9,Antenna,Exchange,Mobile Phone,Orange ,,365,74725323-d1b0-48f6-945c-6339b1e1f2db,2021-02-09T16:42:54,,11
2021-02-09T14:33:35.437Z,2021-02-09T14:50:18.803Z,2021-02-09,358005081307784,,,Ali balata kone,Bamako,Commune III,N'Tomikorobougou,,CCR,12.657354999999999 -8.02698 357.6 2.1,12.657354999999999,-8.02698,357.6,2.1,Antenna,Distribution Point,Mobile Phone,Orange,,381,77635891-fe85-4ecb-8cd0-96845f093734,2021-02-09T16:51:43,,12
2021-02-09T14:52:40.301Z,2021-02-09T14:54:54.314Z,2021-02-09,358005081307784,,,Ali balata kone,Bamako,Commune III,N'Tomikorobougou,,VCR,12.657060000000001 -8.026531666666667 365.7 1.4,12.657060000000001,-8.026531666666667,365.7,1.4,Antenna,Distribution Point,Mobile Phone,Malitel,,382,40ba9eab-3ed1-4376-a25b-ffd9dbd9c8bc,2021-02-09T16:51:43,,13
2021-02-09T14:56:16.002Z,2021-02-09T14:57:57.908Z,2021-02-09,358005081307784,,,Ali balata kone,Bamako,Commune III,N'Tomikorobougou,,CCR,12.657676666666669 -8.026366666666666 348.4 1.6,12.657676666666669,-8.026366666666666,348.4,1.6,Communication Tower,Data Center,GSM,GMS,,383,e2edbc41-5700-415a-b587-e39879eba4f0,2021-02-09T16:51:44,,14
2021-02-09T12:25:02.419Z,2021-02-09T12:26:49.954Z,2021-02-09,collect:kFxmuiAqpWtDo2cV,,,Kousseni Sogoba ,Bamako,Commune III,Same,,Samè,12.6669717 -8.04042 355.4599938964844 3.9,12.6669717,-8.04042,355.4599938964844,3.9,Antenna,Distribution Point,Mobile Phone,Telecel ,,403,4f634f34-88a4-4062-9715-4297e534ef57,2021-02-09T16:52:42,,15
2021-02-09T14:36:42.468Z,2021-02-09T14:41:47.864Z,2021-02-09,3b5bbe021a1812db,,,Mme Aminata Diawara,Bamako,Commune IV,Lafiabougou,,Lafiabougou ,12.638161391951144 -8.041980117559433 378.0 13.0,12.638161391951144,-8.041980117559433,378.0,13.0,Telescope,Distribution Point,Mobile Phone,Royal business,,411,537a2bd2-e055-478b-bad0-d483afaa3cc6,2021-02-09T17:06:16,,16
2021-02-09T14:40:57.828Z,2021-02-09T14:44:02.142Z,2021-02-09,collect:doqJGB7PZxYJ95Vo,,,Ibrahima BABY ,Bamako,Commune IV,Lafiabougou,,Lassa,12.6544661 -8.0446304 471.0 6.6,12.6544661,-8.0446304,471.0,6.6,Antenna,Distribution Point,Mobile Phone,Malitel ,,495,0afb3788-e2f2-45b1-82a1-fb501ea2ca93,2021-02-09T17:49:17,,17
2021-02-09T14:32:54.466Z,2021-02-09T18:45:51.527Z,2021-02-09,collect:FHdsKPpeR8jLHo9P,,,Salimata Traoré,Bamako,Commune III,Badialan III,,Secteur CCR ,12.6575307 -8.0268799 356.8172496978147 3.16,12.6575307,-8.0268799,356.8172496978147,3.16,Antenna,Distribution Point,Mobile Phone,Orange,,530,200239d3-bd1c-4341-8848-7a607e4cddc2,2021-02-09T18:48:59,,18
2021-02-09T14:53:25.117Z,2021-02-09T18:46:37.830Z,2021-02-09,collect:FHdsKPpeR8jLHo9P,,,Salimata Traoré,Bamako,Commune III,N'Tomikorobougou,,CCR,12.6570567 -8.026505 373.1908285562466 1.94,12.6570567,-8.026505,373.1908285562466,1.94,Antenna,Distribution Point,Mobile Phone,Malitel,,531,1fc139f9-6c88-43b2-a368-3ca0cd893642,2021-02-09T18:49:01,,19
2021-02-09T14:56:11.006Z,2021-02-09T18:47:24.057Z,2021-02-09,collect:FHdsKPpeR8jLHo9P,,,Salimata Traoré,Bamako,Commune III,N'Tomikorobougou,,CCR,12.6576958 -8.0263243 370.1163316320427 3.183,12.6576958,-8.0263243,370.1163316320427,3.183,Communication Tower,Data Center,GSM,GMS,,532,389360cd-5578-4afa-aa6a-3e8bd5b588d3,2021-02-09T18:49:03,,20
2021-02-09T12:22:57.296Z,2021-02-09T12:25:45.992Z,2021-02-09,collect:8htkpzfiqj8dFVDp,,,Habibatou sanogo,Bamako,Commune III,Same,,,12.667225 -8.0413833 425.3600183105469 4.4,12.667225,-8.0413833,425.3600183105469,4.4,Communication Tower,Exchange,Mobile Phone,Malitel,,542,f741f58e-45b0-481a-9e77-0ea96cf497f6,2021-02-09T18:54:28,,21
2021-02-09T14:59:56.641Z,2021-02-09T15:01:15.208Z,2021-02-09,collect:8htkpzfiqj8dFVDp,,,Habibatou sanogo,Bamako,Commune III,Same,,,12.6644899 -8.0375767 425.3600183105469 2.266,12.6644899,-8.0375767,425.3600183105469,2.266,Communication Tower,Exchange,Mobile Phone,Orange,,544,79144ac8-5ba7-4008-a9f9-e45f4e3c44f7,2021-02-09T18:54:29,,22
2021-02-10T07:52:38.813Z,2021-02-10T07:54:45.519Z,2021-02-10,358005081307784,,,Ali badara kone,Bamako,Commune III,Ouolofobougou Bolibana,,Section1,12.650323333333331 -8.011996666666667 360.0 4.9,12.650323333333331,-8.011996666666667,360.0,4.9,Antenna,Connection Point,GSM,Datatech,,688,09e2639c-9c55-4045-a4c0-3ab5fa85510e,2021-02-10T11:15:35,,23
2021-02-10T07:59:46.037Z,2021-02-10T08:03:04.023Z,2021-02-10,358005081307784,,,Ali badara kone,Bamako,Commune III,N'Tomikorobougou,,Secteur  kolo traore,12.652536666666666 -8.01346 333.5 1.9,12.652536666666666,-8.01346,333.5,1.9,Communication Tower,Distribution Point,Mobile Phone,Malitel,,689,fcdb5b4c-33dd-452f-be06-ff1df32ad49f,2021-02-10T11:15:36,,24
2021-02-10T08:21:57.823Z,2021-02-10T08:25:36.160Z,2021-02-10,358005081307784,,,Ali badara kone,Bamako,Commune III,Sokonafing,,Minko,12.66849 -8.013786666666666 416.8 2.8,12.66849,-8.013786666666666,416.8,2.8,Antenna,Connection Point,Mobile Phone,Malitel ,,690,a50570e3-3423-490a-b3fd-c16d2f999ce3,2021-02-10T11:15:37,,25
2021-02-10T07:52:40.156Z,2021-02-10T11:25:04.106Z,2021-02-10,collect:FHdsKPpeR8jLHo9P,,,Salimata Traoré,Bamako,Commune III,Ouolofobougou Bolibana,,Secteur 1,12.6502252 -8.0121397 348.07484164869686 7.15,12.6502252,-8.0121397,348.07484164869686,7.15,Antenna,Connection Point,GSM,Datatech ,,701,a7986a22-c980-43de-b603-aae8072e24d0,2021-02-10T12:00:02,,26
2021-02-10T07:59:46.320Z,2021-02-10T11:26:20.794Z,2021-02-10,collect:FHdsKPpeR8jLHo9P,,,Salimata Traoré,Bamako,Commune III,N'Tomikorobougou,,Secteur kolo Traoré ,12.65258 -8.0135999 346.0063998002464 5.7,12.65258,-8.0135999,346.0063998002464,5.7,Communication Tower,Distribution Point,Mobile Phone,Malitel,,702,bf57aadf-b653-4415-a5ab-29acab445f13,2021-02-10T12:00:03,,27
2021-02-10T08:24:30.760Z,2021-02-10T11:27:46.833Z,2021-02-10,collect:FHdsKPpeR8jLHo9P,,,Salimata Traoré,Bamako,Commune III,Sokonafing,,Minko,12.668479 -8.0138992 434.76166900225945 4.82,12.668479,-8.0138992,434.76166900225945,4.82,Antenna,Connection Point,Mobile Phone,Malitel ,,703,2d719751-8d60-4564-9169-413625ef88e5,2021-02-10T12:00:04,,28
2021-02-10T12:33:32.382Z,2021-02-10T12:36:16.382Z,2021-02-10,358005081402445,,,Oumar haidara,Bamako,Commune II,Hippodrome,,Orange mali,12.656118333333332 -7.972675 341.7 7.4,12.656118333333332,-7.972675,341.7,7.4,Communication Tower,Service Device,Mobile Phone,Orange mali,,720,276a9e06-9bd8-4706-91be-e10fe5e01f10,2021-02-10T13:06:46,,29
2021-02-10T15:32:24.842Z,2021-02-10T15:33:43.641Z,2021-02-10,collect:kFxmuiAqpWtDo2cV,,,Kousseni Sogoba ,Bamako,Commune III,Darsalam,,Cité ,12.6520817 -8.0024817 371.4599938964844 5.0,12.6520817,-8.0024817,371.4599938964844,5.0,Antenna,Distribution Point,Mobile Phone,Malitel ,,767,b74cfd51-be9d-4507-8013-f16329ddeb87,2021-02-10T15:54:15,,30
2021-02-10T15:37:41.898Z,2021-02-10T15:38:55.866Z,2021-02-10,collect:kFxmuiAqpWtDo2cV,,,Kousseni Sogoba ,Bamako,Commune III,Darsalam,,Cité ,12.6515333 -8.0002494 372.4188279391756 3.9,12.6515333,-8.0002494,372.4188279391756,3.9,Antenna,Connection Point,Mobile Phone,Orange ,,768,8871b654-0816-49ab-966c-a69da40093bb,2021-02-10T15:54:16,,31
2021-02-10T10:27:17.458Z,2021-02-10T10:29:52.354Z,2021-02-10,collect:rpvpthByLQPVYLdY,,,Kassim TRAORE ,Bamako,Commune III,Sirakoro-Dounfing,,,12.6857883 -8.0552267 484.93999126605775 3.9,12.6857883,-8.0552267,484.93999126605775,3.9,Antenna,Exchange,Mobile Phone,Orange ,,838,2f5971d1-f219-4925-bce5-72722bc07c13,2021-02-10T16:39:16,,32
2021-02-10T12:03:19.063Z,2021-02-10T12:04:04.225Z,2021-02-10,collect:doqJGB7PZxYJ95Vo,,,Ibrahima BABY ,Bamako,Commune IV,Lafiabougou,,Lafiabougou bougoudani ,12.6348765 -8.0477915 384.0 3.316,12.6348765,-8.0477915,384.0,3.316,Antenna,Distribution Point,Mobile Phone,Orange Mali,,852,7687b6a6-61ca-423d-82ad-6aef29fd6dc6,2021-02-10T16:43:20,,33
2021-02-10T10:58:03.456Z,2021-02-10T11:00:07.691Z,2021-02-10,collect:YOr78JsZpLkhP6SJ,,,Mahamady Camara ,Bamako,Commune IV,Kalabambougou,,Kalabambougou,12.5750916 -8.0681511 375.340309073622 3.9,12.5750916,-8.0681511,375.340309073622,3.9,Antenna,Data Center,Mobile Phone,Malitel,,863,3967b9bb-40b1-4873-9b9a-997afecd44ff,2021-02-10T16:52:29,,34
2021-02-10T14:54:11.356Z,2021-02-10T14:55:48.802Z,2021-02-10,collect:YOr78JsZpLkhP6SJ,,,Mahamady Camara ,Bamako,Commune IV,Kalabambougou,,Kalabambougou ,12.5812819 -8.0579699 366.22990721735704 5.0,12.5812819,-8.0579699,366.22990721735704,5.0,Antenna,Distribution Point,Mobile Phone,Orange Mali,,866,9d2ed65e-6d6d-4293-8ebd-66c74c38ef94,2021-02-10T16:52:30,,35
2021-02-10T15:49:17.818Z,2021-02-10T15:50:15.996Z,2021-02-10,collect:YOr78JsZpLkhP6SJ,,,Mahamady Camara ,Bamako,Commune IV,Kalabambougou,,Kalabambougou ,12.5746352 -8.0576735 366.3734626389672 4.583,12.5746352,-8.0576735,366.3734626389672,4.583,Antenna,Distribution Point,Mobile Phone,Malitel,,868,8db0a596-c652-45b3-a4f9-34dc773fac13,2021-02-10T16:52:31,,36
2021-02-10T16:30:35.893Z,2021-02-10T16:31:12.872Z,2021-02-10,collect:YOr78JsZpLkhP6SJ,,,Mahamady Camara ,Bamako,Commune IV,Kalabambougou,,Kalabambougou ,12.5665562 -8.0547724 365.1396453928272 5.3,12.5665562,-8.0547724,365.1396453928272,5.3,Antenna,Distribution Point,Mobile Phone,Malitel ,,870,4209d854-a84b-40cd-ab76-36419e9e968b,2021-02-10T16:52:32,,37
2021-02-10T09:33:42.986Z,2021-02-10T09:35:27.605Z,2021-02-10,collect:AdfiW4ZdTTGYwc43,,,Anna Diarra,Bamako,Commune IV,Kalabambougou,,Kalabambougou waireda,12.5752083 -8.0680433 355.51041411536784 3.9,12.5752083,-8.0680433,355.51041411536784,3.9,Antenna,Distribution Point,Mobile Phone,Malitel,,873,95ab3652-678e-4778-922f-1ead24c1d882,2021-02-10T16:55:03,,38
2021-02-10T09:43:31.186Z,2021-02-10T09:45:12.437Z,2021-02-10,collect:AdfiW4ZdTTGYwc43,,,Anna Diarra,Bamako,Commune IV,Kalabambougou,,Kalabambougou waireda,12.57809 -8.0647183 347.23650845878643 2.4,12.57809,-8.0647183,347.23650845878643,2.4,Antenna,Distribution Point,Mobile Phone,Orange Mali,,874,13612fb7-55cb-4a15-92a0-018904165b2a,2021-02-10T16:55:04,,39
2021-02-10T15:46:52.793Z,2021-02-10T15:47:37.087Z,2021-02-10,collect:AdfiW4ZdTTGYwc43,,,Anna Diarra,Bamako,Commune IV,Kalabambougou,,,12.5759467 -8.054975 338.19099720578333 3.9,12.5759467,-8.054975,338.19099720578333,3.9,Antenna,Distribution Point,Mobile Phone,Orange Mali,,880,f0c7d486-0a33-4900-95c1-df318de68d63,2021-02-10T16:55:13,,40
2021-02-10T15:53:09.638Z,2021-02-10T15:53:51.405Z,2021-02-10,collect:AdfiW4ZdTTGYwc43,,,Anna Diarra,Bamako,Commune IV,Kalabambougou,,,12.5709967 -8.0540717 341.02461015629075 3.9,12.5709967,-8.0540717,341.02461015629075,3.9,Antenna,Distribution Point,Mobile Phone,Orange Mali,,881,da624931-7873-40bc-b4c8-8253afcc8689,2021-02-10T16:55:14,,41
2021-02-10T11:57:21.301Z,2021-02-10T15:57:50.501Z,2021-02-10,collect:MISsMtgfFQthUhqA,,,Ramatou Sogoba,Bamako,Commune V,Sabalibougou,,,12.589987 -7.9953423 434.8301230683818 3.9,12.589987,-7.9953423,434.8301230683818,3.9,Antenna,Service Device,GSM,Orange Mali,,890,f54d2339-1214-47dd-81f6-b76dfa10c984,2021-02-10T17:02:08,,42
2021-02-10T12:39:21.913Z,2021-02-10T16:04:05.338Z,2021-02-10,collect:MISsMtgfFQthUhqA,,,Issa keïta,Bamako,Commune V,Sabalibougou,,Malitel,12.5905741 -7.9948691 430.30867346275227 3.9,12.5905741,-7.9948691,430.30867346275227,3.9,Antenna,Distribution Point,Mobile Phone,,,892,77cd0e91-9447-42e1-91d6-83bfa06f9378,2021-02-10T17:02:09,,43
2021-02-10T13:26:43.104Z,2021-02-10T13:33:42.442Z,2021-02-10,collect:x903NynjzFpMYnqE,,,Adama Djibo,Bamako,Commune I,Korofina Nord,,,12.66625 -7.953135 367.6600061035156 2.15,12.66625,-7.953135,367.6600061035156,2.15,Antenna,Distribution Point,Radio,GEIE radio djekafo,,962,b5cd4259-02c8-4997-add9-5363239962aa,2021-02-10T17:41:51,,44
2021-02-10T15:37:51.825Z,2021-02-10T15:41:02.508Z,2021-02-10,collect:8htkpzfiqj8dFVDp,,,Habibatou sanogo,Bamako,Commune III,Darsalam,,Cité,12.6515428 -8.0005942 445.3600183105469 4.48,12.6515428,-8.0005942,445.3600183105469,4.48,Antenna,Connection Point,Mobile Phone,Orange WiFi,,1043,ef1107e7-d3fb-4d4e-8f99-fb1247278753,2021-02-10T18:28:25,,45
2021-02-10T15:50:03.677Z,2021-02-10T15:54:21.732Z,2021-02-10,collect:8htkpzfiqj8dFVDp,,,Habibatou sanogo,Bamako,Commune III,Darsalam,,Cité,12.652452 -8.0014889 445.3600183105469 2.55,12.652452,-8.0014889,445.3600183105469,2.55,Antenna,Connection Point,Mobile Phone,Orange,,1044,48a9c355-7daf-44fa-9689-257eafe03200,2021-02-10T18:28:26,,46
2021-02-10T11:56:43.238Z,2021-02-11T11:27:00.710Z,2021-02-10,collect:MJ5leTIAnrD6YxEb,,,Issa Keïta,Bamako,Commune V,Sabalibougou,,,12.5897975 -7.9953923 376.82753155557367 6.166,12.5897975,-7.9953923,376.82753155557367,6.166,Antenna,Distribution Point,Mobile Phone,Orange Mali,,1198,a1def49a-68e8-48c2-9e4a-60ed0878d7eb,2021-02-11T11:28:08,,47
2021-02-08T12:07:06.521Z,2021-02-08T12:10:54.756Z,2021-02-08,collect:lZR1popJYsyYC4Jc,,,Souleymane N'diaye,Bamako,Commune III,Dravéla,,Dravela,12.6450688 -8.0089092 330.7 3.74,12.6450688,-8.0089092,330.7,3.74,Antenna,Exchange,Mobile Phone,Malitel,,1204,21c974b3-0b80-4d1c-b2e6-6bb37ec04ca7,2021-02-15T09:58:51,,48
2021-02-15T10:31:14.856Z,2021-02-15T10:32:04.062Z,2021-02-15,collect:rpvpthByLQPVYLdY,,,Kassim TRAORE ,Bamako,Commune III,Quartiers Fleuve,,,12.6352883 -8.0008217 340.6918930607958 3.9,12.6352883,-8.0008217,340.6918930607958,3.9,Antenna,Exchange,Mobile Phone,Orange ,,1253,63df5e34-d4a5-4f41-851a-9b8540bea792,2021-02-15T12:50:36,,49
2021-02-15T11:05:49.618Z,2021-02-15T11:08:34.262Z,2021-02-15,collect:rpvpthByLQPVYLdY,,,Kassim ,Bamako,Commune III,Quartiers Fleuve,,,12.634565 -7.9990534 330.9776349355543 3.9,12.634565,-7.9990534,330.9776349355543,3.9,Communication Tower,Distribution Point,Television,MALIVISION,,1255,defa6e65-a119-4d65-8872-550860b25951,2021-02-15T12:50:38,,50
2021-02-15T10:15:19.502Z,2021-02-15T10:18:28.328Z,2021-02-15,collect:lZR1popJYsyYC4Jc,,,Souleymane N'diaye,Bamako,Commune III,Dravéla Bolibana,,Dravela boliban,12.6413617 -8.01024 364.4599938964844 3.32,12.6413617,-8.01024,364.4599938964844,3.32,Antenna,Data Center,Mobile Phone,Orange,,1258,9153fcdc-322e-4e12-9115-e98b4a161442,2021-02-15T12:50:43,,51
2021-02-15T11:48:32.612Z,2021-02-15T11:51:14.408Z,2021-02-15,collect:rpvpthByLQPVYLdY,,,Kassim TRAORE ,Bamako,Commune III,Centre Commercial,,,12.6432749 -8.0020016 347.0395838625769 3.9,12.6432749,-8.0020016,347.0395838625769,3.9,Antenna,Exchange,Mobile Phone,Telecel,,1261,0937cfbd-71a5-479a-8a05-f675e15d9221,2021-02-15T12:50:45,,52
2021-02-15T11:43:06.938Z,2021-02-15T11:44:03.718Z,2021-02-15,collect:lZR1popJYsyYC4Jc,,,Souleymane N'diaye,Bamako,Commune III,Centre Commercial,,,12.6430117 -8.0015433 363.7468875095546 3.56,12.6430117,-8.0015433,363.7468875095546,3.56,Antenna,Exchange,Mobile Phone,Sotelma,,1267,ffe9c738-2314-4990-9325-9131a4c0854c,2021-02-15T12:50:53,,53
2021-02-08T12:33:33.758Z,2021-02-08T12:49:13.787Z,2021-02-08,358005081423789,,,Baoumou  Konaté ,Bamako,Commune I,Banconi,Banconi Layebougou,Layibougou,12.67439 -7.965256666666666 333.8 7.7,12.67439,-7.965256666666666,333.8,7.7,Antenna,Connection Point,Mobile Phone,Malitel,,1281,8ee03cd0-7383-4dcd-9972-4b75bff83c1f,2021-02-15T15:01:21,,54
2021-02-15T15:01:10.987Z,2021-02-15T15:02:33.016Z,2021-02-15,358005081307784,,,Ali badara koné ,Bamako,Commune III,Koulouba,,Sekoubougouni,12.682643333333333 -8.005608333333333 521.2 1.1,12.682643333333333,-8.005608333333333,521.2,1.1,Communication Tower,Distribution Point,Television,TNT SAT,,1353,95c77811-e552-4792-aed6-3c9ce32ddd67,2021-02-15T15:37:52,,55
2021-02-15T09:12:12.128Z,2021-02-15T09:27:00.833Z,2021-02-15,collect:AdfiW4ZdTTGYwc43,,,Anna Diarra,Bamako,Commune IV,Sébéninkoro,,,12.6265383 -8.034715 355.56 1.28,12.6265383,-8.034715,355.56,1.28,Antenna,Distribution Point,Mobile Phone,Orange Mail,,1500,09b508a2-5268-4a97-95ac-7e147b5f99dc,2021-02-15T16:38:03,,56
2021-02-15T10:18:33.616Z,2021-02-15T10:19:00.824Z,2021-02-15,collect:AdfiW4ZdTTGYwc43,,,Anna Diarra,Bamako,Commune IV,Sébéninkoro,,,12.61737 -8.0476567 355.56 1.18,12.61737,-8.0476567,355.56,1.18,Antenna,Distribution Point,Mobile Phone,Malitel,,1503,d58cc9ae-2215-468c-8681-d79f7e4b2749,2021-02-15T16:38:05,,57
2021-02-15T11:49:07.138Z,2021-02-15T11:49:42.034Z,2021-02-15,collect:AdfiW4ZdTTGYwc43,,,Anna Diarra,Bamako,Commune IV,Sébéninkoro,,Dramanebougou,12.612715 -8.0524533 355.56 2.24,12.612715,-8.0524533,355.56,2.24,Antenna,Distribution Point,Mobile Phone,Orange Mali,,1506,397e9390-efff-4e51-acf7-2393477956ac,2021-02-15T16:38:07,,58
2021-02-15T12:02:15.768Z,2021-02-15T12:02:52.334Z,2021-02-15,collect:AdfiW4ZdTTGYwc43,,,Anna Diarra,Bamako,Commune IV,Sébéninkoro,,Dramanebougou,12.6074617 -8.0514983 355.56 1.4,12.6074617,-8.0514983,355.56,1.4,Antenna,Distribution Point,Mobile Phone,Orange Mali,,1507,5bcdb7f3-1238-4fce-bb92-a15a4a2aabc1,2021-02-15T16:38:08,,59
2021-02-15T12:09:09.496Z,2021-02-15T12:09:41.543Z,2021-02-15,collect:AdfiW4ZdTTGYwc43,,,Anna Diarra,Bamako,Commune IV,Sébéninkoro,,Dramanebougou,12.6030283 -8.0511567 355.56 1.5,12.6030283,-8.0511567,355.56,1.5,Antenna,Distribution Point,Mobile Phone,Orange Mali,,1508,a1ca4729-6dd8-418e-a03e-1016cd999a82,2021-02-15T16:38:08,,60
2021-02-15T12:16:14.639Z,2021-02-15T12:16:48.040Z,2021-02-15,collect:AdfiW4ZdTTGYwc43,,,Anna Diarra,Bamako,Commune IV,Sébéninkoro,,Dramanebougou,12.6002983 -8.0555683 355.56 1.6,12.6002983,-8.0555683,355.56,1.6,Antenna,Distribution Point,Mobile Phone,Telecel,,1509,d3280942-8785-4d16-8e3d-18441d718eda,2021-02-15T16:38:09,,61
2021-02-15T13:50:07.790Z,2021-02-15T13:50:47.749Z,2021-02-15,collect:AdfiW4ZdTTGYwc43,,,Anna Diarra,Bamako,Commune IV,Sébéninkoro,,Sebenikoro bailaikoun,12.5900383 -8.0655883 355.56 2.4,12.5900383,-8.0655883,355.56,2.4,Antenna,Distribution Point,Mobile Phone,Malitel,,1516,bb8d73b3-6261-44d4-8bd2-ed490abde684,2021-02-15T16:38:15,,62
2021-02-15T16:17:12.454Z,2021-02-15T16:18:01.361Z,2021-02-15,collect:AdfiW4ZdTTGYwc43,,,Anna Diarra,Bamako,Commune IV,Sébéninkoro,,Kayirabougou,12.5847283 -8.0648567 355.56 1.9,12.5847283,-8.0648567,355.56,1.9,Antenna,Distribution Point,Mobile Phone,Orange Mali,,1517,8ce89939-6dbe-4b36-bed9-003dbd044784,2021-02-15T16:38:16,,63
2021-02-15T10:39:41.584Z,2021-02-15T10:41:07.649Z,2021-02-15,collect:YOr78JsZpLkhP6SJ,,,Mahamady Camara ,Bamako,Commune IV,Sébéninkoro,,Dramanebougou ,12.6181029 -8.0479699 360.06 4.8,12.6181029,-8.0479699,360.06,4.8,Antenna,Distribution Point,Mobile Phone,Orange Mali ,,1520,fc12da8c-141a-4eea-b63c-173e91370334,2021-02-15T16:40:45,,64
2021-02-15T10:50:23.465Z,2021-02-15T10:53:34.859Z,2021-02-15,collect:YOr78JsZpLkhP6SJ,,,Mahamady Camara ,Bamako,Commune IV,Sébéninkoro,,Dramanebougou ,12.6128059 -8.0488576 360.06 3.9,12.6128059,-8.0488576,360.06,3.9,Antenna,Distribution Point,Mobile Phone,Moov africa,,1521,39bd0178-fc50-4c46-997c-e1904662173b,2021-02-15T16:40:45,,65
2021-02-15T11:42:49.509Z,2021-02-15T11:43:47.314Z,2021-02-15,collect:YOr78JsZpLkhP6SJ,,,Mahamady Camara ,Bamako,Commune IV,Sébéninkoro,,Dramanebougou ,12.6115762 -8.0533866 366.68171120043957 7.5,12.6115762,-8.0533866,366.68171120043957,7.5,Antenna,Distribution Point,Mobile Phone,Moov Africa ,,1524,6d81fdeb-75ac-44a0-8182-ae055713e619,2021-02-15T16:40:47,,66
2021-02-15T12:02:38.306Z,2021-02-15T12:03:56.838Z,2021-02-15,collect:YOr78JsZpLkhP6SJ,,,Mahamady Camara ,Bamako,Commune IV,Sébéninkoro,,Hampatebât,12.6066798 -8.0509365 363.6675176566382 4.666,12.6066798,-8.0509365,363.6675176566382,4.666,Antenna,Distribution Point,Mobile Phone,Telecel,,1525,12bff991-39f5-441f-83f6-b8f9b49015d7,2021-02-15T16:40:47,,67
2021-02-15T12:09:30.373Z,2021-02-15T12:10:25.461Z,2021-02-15,collect:YOr78JsZpLkhP6SJ,,,Mahamady Camara ,Bamako,Commune IV,Sébéninkoro,,C7,12.6012695 -8.0540318 364.1547200191058 4.8,12.6012695,-8.0540318,364.1547200191058,4.8,Antenna,Distribution Point,Mobile Phone,Orange mali ,,1526,3ea885d7-77ab-4d41-9e41-f3e72180a1f4,2021-02-15T16:40:48,,68
2021-02-15T12:30:19.173Z,2021-02-15T12:31:40.011Z,2021-02-15,collect:YOr78JsZpLkhP6SJ,,,Mahamady Camara ,Bamako,Commune IV,Sébéninkoro,,Sebenikoro ,12.5992861 -8.0535531 362.45421851103595 5.0,12.5992861,-8.0535531,362.45421851103595,5.0,Antenna,Distribution Point,Mobile Phone,Moov africa ,,1528,57b2e2ed-eb53-4c60-8b23-cd94dceca747,2021-02-15T16:40:49,,69
2021-02-15T12:52:11.070Z,2021-02-15T12:53:09.691Z,2021-02-15,collect:YOr78JsZpLkhP6SJ,,,Mahamady Camara ,Bamako,Commune IV,Sébéninkoro,,Sebenikoro ,12.5931467 -8.0611412 361.35528505919734 4.333,12.5931467,-8.0611412,361.35528505919734,4.333,Antenna,Distribution Point,Mobile Phone,Moov africa ,,1529,8948c244-b190-41c6-a2ff-d121d2e20664,2021-02-15T16:40:49,,70
2021-02-15T16:17:53.981Z,2021-02-15T16:20:11.972Z,2021-02-15,collect:YOr78JsZpLkhP6SJ,,,Mahamady Camara ,Bamako,Commune IV,Sébéninkoro,,Sebenikoro ,12.5845755 -8.0663027 363.9187459310812 4.3,12.5845755,-8.0663027,363.9187459310812,4.3,Antenna,Distribution Point,Mobile Phone,Orange mali ,,1535,345a8f37-1e74-481a-93d2-cadbc4326e1a,2021-02-15T16:40:52,,71
2021-02-15T10:21:06.078Z,2021-02-15T10:23:35.986Z,2021-02-15,collect:kFxmuiAqpWtDo2cV,,,Kousseni Sogoba ,Bamako,Commune III,Sokonafing,,,12.6686976 -8.0140288 422.5872159952806 4.966,12.6686976,-8.0140288,422.5872159952806,4.966,Antenna,Distribution Point,Mobile Phone,Malitel ,,1556,47038a33-e290-4afc-b2ae-101fe72ad38e,2021-02-15T16:45:29,,72
2021-02-15T10:24:55.695Z,2021-02-15T10:27:56.319Z,2021-02-15,collect:kFxmuiAqpWtDo2cV,,,Kousseni Sogoba ,Bamako,Commune III,Sokonafing,,,12.6709874 -8.0134279 425.9589725186081 4.02,12.6709874,-8.0134279,425.9589725186081,4.02,Antenna,Connection Point,Mobile Phone,Orange ,,1557,b16a21c7-c7be-4f75-8c67-10cb45b3e50a,2021-02-15T16:45:29,,73
2021-02-15T13:19:50.157Z,2021-02-15T13:21:25.645Z,2021-02-15,collect:MISsMtgfFQthUhqA,,,Ramatou Sogoba ,Bamako,Commune V,Kalaban - Coura,,,12.5654322 -7.9994109 373.17393441237465 3.9,12.5654322,-7.9994109,373.17393441237465,3.9,Antenna,Distribution Point,Mobile Phone,Malitel ,,1593,cad0b73c-ca91-49d7-80eb-e8b45b16ad29,2021-02-15T16:47:28,,74
2021-02-15T14:33:27.483Z,2021-02-15T16:47:16.045Z,2021-02-15,collect:FHdsKPpeR8jLHo9P,,,Salimata Traoré,Bamako,Commune III,Koulouba,,Secteur sekoubougouni,12.6825021 -8.0042346 537.5919139983326 5.533,12.6825021,-8.0042346,537.5919139983326,5.533,Communication Tower,Distribution Point,Mobile Phone,Malitel,,1619,f2b31513-2b1a-4867-9896-8b1d3f4089ad,2021-02-15T16:50:20,,75
2021-02-15T14:36:24.914Z,2021-02-15T16:48:19.600Z,2021-02-15,collect:FHdsKPpeR8jLHo9P,,,Salimata,Bamako,Commune III,Koulouba,,Secteur sekoubougouni ,12.6830276 -8.0041603 538.7430929087495 4.966,12.6830276,-8.0041603,538.7430929087495,4.966,Communication Tower,Distribution Point,Mobile Phone,Telecel ,,1620,8b18bbb7-77d0-4e93-a2a4-16a76fb88276,2021-02-15T16:50:22,,76
2021-02-15T11:21:24.578Z,2021-02-15T11:25:05.182Z,2021-02-15,collect:8htkpzfiqj8dFVDp,,,Habibatou sanogo,Bamako,Commune III,Sokonafing,,,12.6730944 -8.0134026 445.8600183105469 2.033,12.6730944,-8.0134026,445.8600183105469,2.033,Antenna,Distribution Point,Mobile Phone,Orange,,1801,c09c3ba7-d22d-401f-ac88-3a853e2c7af5,2021-02-15T18:41:07,,77
2021-02-15T13:43:19.371Z,2021-02-15T13:45:59.178Z,2021-02-15,collect:HT5m96BSOrMwBzMD,,,Seydou KONE,Bamako,Commune VI,Faladié,,Socoura,12.5908333 -7.9505067 377.9706329868318 2.62,12.5908333,-7.9505067,377.9706329868318,2.62,Antenna,Connection Point,,Malitel,,1921,6db6b527-733a-47be-a767-2f3cd912448f,2021-02-15T19:15:20,,78
2021-02-15T13:18:57.329Z,2021-02-15T13:20:00.526Z,2021-02-15,collect:SIM9EPAN7xmiLAou,,,Thierno Hady Dembélé ,Bamako,Commune VI,Banankabougou - LMK,,,12.596602 -7.9517185 363.31708652905644 3.53,12.596602,-7.9517185,363.31708652905644,3.53,Antenna,Distribution Point,Mobile Phone,OrangeMali,,2134,ae0bf0ef-3949-4f42-b505-27d2b1d4b4c2,2021-02-16T07:21:40,,79
2021-02-15T13:47:59.158Z,2021-02-15T13:48:45.777Z,2021-02-15,collect:SIM9EPAN7xmiLAou,,,Thierno Hady Dembélé ,Bamako,Commune VI,Banankabougou - LMK,,,12.5905887 -7.9492373 359.8141072669722 3.9,12.5905887,-7.9492373,359.8141072669722,3.9,Antenna,Distribution Point,Mobile Phone,OrangeMali,,2138,baaf6c3f-0957-42ae-8bc4-edb07d61f2f0,2021-02-16T07:21:42,,80
2021-02-15T14:00:11.544Z,2021-02-15T14:00:51.402Z,2021-02-15,collect:SIM9EPAN7xmiLAou,,,Thierno Hady Dembélé ,Bamako,Commune VI,Banankabougou - LMK,,,12.590915 -7.9505493 356.9099180662916 4.454,12.590915,-7.9505493,356.9099180662916,4.454,Antenna,Connection Point,Mobile Phone,OrangeMali ,,2139,49d25c84-38a7-429a-a1dc-9b57f8872f90,2021-02-16T07:21:42,,81
2021-02-16T09:49:44.557Z,2021-02-16T09:50:15.199Z,2021-02-16,collect:rpvpthByLQPVYLdY,,,Kassim TRAORE ,Bamako,Commune III,Kodabougou,,,12.6483033 -8.0196333 352.12339930966345 3.9,12.6483033,-8.0196333,352.12339930966345,3.9,Antenna,Exchange,Mobile Phone,Orange ,,2198,1150aff3-a1a4-4ad0-8d77-1da7018019f8,2021-02-16T10:30:14,,82
2021-02-16T09:46:35.843Z,2021-02-16T09:48:11.329Z,2021-02-16,collect:lZR1popJYsyYC4Jc,,,Souleymane N'diaye,Bamako,Commune III,Kodabougou,,,12.6483145 -8.0195567 368.53596017216825 3.7,12.6483145,-8.0195567,368.53596017216825,3.7,Antenna,Exchange,Radio,Radio Tabale,,2216,016db599-2998-4b32-b753-0c406235e149,2021-02-16T10:56:12,,83
2021-02-16T09:59:17.520Z,2021-02-16T10:01:02.035Z,2021-02-16,collect:lZR1popJYsyYC4Jc,,,Souleymane N'diaye,Bamako,Commune III,Kodabougou,,,12.6506304 -8.0216123 374.06 3.6,12.6506304,-8.0216123,374.06,3.6,Antenna,Exchange,Mobile Phone,Malitel,,2220,458f5528-03fe-44ff-8b61-36ca61e6b556,2021-02-16T10:56:16,,84
2021-02-16T09:19:47.678Z,2021-02-16T09:59:33.669Z,2021-02-16,358005081423789,,,Konaté  Baoumou,Bamako,Commune I,Doumanzana,,Doumanzana petit Paris,12.682123333333333 -7.9400216666666665 321.5 7.6,12.682123333333333,-7.9400216666666665,321.5,7.6,Antenna,Connection Point,Mobile Phone,Orange  Mali,,2351,851db318-6175-46f2-b1f1-e27aa5c44901,2021-02-16T15:40:41,,85
2021-02-16T14:20:14.681Z,2021-02-16T14:22:09.339Z,2021-02-16,358005081423789,,,Konaté  Baoumou,Bamako,Commune I,Djélibougou,,Djelibougou,12.675231666666665 -7.942511666666666 392.7 7.5,12.675231666666665,-7.942511666666666,392.7,7.5,Antenna,Connection Point,Mobile Phone,Orange Mali ,,2392,0f6d5a01-41ac-40f3-bfcf-6811291cf11b,2021-02-16T15:41:36,,86
2021-02-16T14:59:53.066Z,2021-02-16T15:02:03.121Z,2021-02-16,358005081423789,,,Konaté Baoumou,Bamako,Commune I,Djélibougou,,Djelibougou,12.675478333333334 -7.943181666666668 408.0 7.8,12.675478333333334,-7.943181666666668,408.0,7.8,Antenna,Connection Point,Mobile Phone,Malitel,,2402,90d0ec0f-d629-424d-bd23-b461a689117f,2021-02-16T15:41:53,,87
2021-02-16T15:12:20.576Z,2021-02-16T15:14:35.368Z,2021-02-16,358005081423789,,,Konaté Baoumou,Bamako,Commune I,Doumanzana,,Djoumanzana,12.679326666666668 -7.946173333333333 346.1 8.4,12.679326666666668,-7.946173333333333,346.1,8.4,Antenna,Connection Point,Mobile Phone,Orange Mali ,,2403,b6605e8a-0ab6-4665-a3b0-60c9a6373159,2021-02-16T15:41:54,,88
2021-02-16T08:31:21.686Z,2021-02-16T08:36:49.699Z,2021-02-16,collect:kZCwpco2LamgRepp,,,Bakary Camara,Bamako,Commune IV,Lafiabougou,,Lafiabougou ,12.639209909372466 -8.033610272675595 369.75979321786133 12.0,12.639209909372466,-8.033610272675595,369.75979321786133,12.0,Antenna,Distribution Point,,Agence Commerciale de Lafiabougou réseau Malitel ,,2407,f0bf791a-e334-4927-b668-a9e228b4b26c,2021-02-16T15:43:36,,89
2021-02-16T11:36:17.460Z,2021-02-16T11:37:19.671Z,2021-02-16,collect:kZCwpco2LamgRepp,,,Bakary Camara,Bamako,Commune IV,Lafiabougou,,,12.617342386714247 -8.04762838133416 364.15597915905477 4.0,12.617342386714247,-8.04762838133416,364.15597915905477,4.0,Antenna,Distribution Point,,Malitel,,2415,d648ea99-0867-43b7-b347-b89f997ec51e,2021-02-16T15:43:45,,90
2021-02-16T11:54:19.044Z,2021-02-16T11:55:14.074Z,2021-02-16,collect:kZCwpco2LamgRepp,,,Bakary Camara,Bamako,Commune IV,Lafiabougou,,,12.626458028992644 -8.043082929772565 366.806556791894 8.0,12.626458028992644,-8.043082929772565,366.806556791894,8.0,Antenna,Distribution Point,,,,2416,a9f96100-c8c0-4b5f-b866-772d6dfbee19,2021-02-16T15:43:45,,91
2021-02-16T12:02:06.741Z,2021-02-16T12:03:22.983Z,2021-02-16,collect:kZCwpco2LamgRepp,,,Bakary Camara,Bamako,Commune IV,Lafiabougou,,,12.627396573469634 -8.041596168675026 368.2895171895865 4.0,12.627396573469634,-8.041596168675026,368.2895171895865,4.0,Antenna,Distribution Point,,Orange ,,2417,db5bccc9-64be-498d-9353-fe3dedf81685,2021-02-16T15:43:47,,92
2021-02-16T11:28:56.626Z,2021-02-16T15:57:32.598Z,2021-02-16,3b5bbe021a1812db,,,Aminata Diawara,Bamako,Commune IV,Sébéninkoro,,Séninkoro 7,12.617979990318418 -8.047954821959138 361.0 3.0,12.617979990318418,-8.047954821959138,361.0,3.0,Antenna,Distribution Point,,Orange Mali,,2468,e299180c-f3e0-4227-835f-c92c08f0d8c5,2021-02-16T16:06:33,,93
2021-02-16T11:46:45.165Z,2021-02-16T16:02:54.704Z,2021-02-16,3b5bbe021a1812db,,,Aminata Diawara,Bamako,Commune IV,Sébéninkoro,,Sebemikor 7,12.619883604347706 -8.044113731011748 363.0 3.0,12.619883604347706,-8.044113731011748,363.0,3.0,Antenna,,,Malite info,,2469,4b17a496-89e1-463c-898f-2c8a65cfbc53,2021-02-16T16:06:33,,94
2021-02-16T11:51:05.887Z,2021-02-16T11:52:25.798Z,2021-02-16,3b5bbe021a1812db,,,Aminata Diawara,Bamako,Commune IV,Sébéninkoro,,Sebemikoro7,12.62504124082625 -8.043431527912617 367.0 2.0,12.62504124082625,-8.043431527912617,367.0,2.0,Antenna,,,Orange.mali,,2470,8397c8eb-0347-42fc-a509-d7a846819382,2021-02-16T16:06:33,,95
2021-02-16T11:57:09.224Z,2021-02-16T12:02:59.836Z,2021-02-16,3b5bbe021a1812db,,,Aminata Diawara,Bamako,Commune IV,Sébéninkoro,,Sebemikoro 7,12.627211944200099 -8.044393686577678 369.0 2.0,12.627211944200099,-8.044393686577678,369.0,2.0,Antenna,,,Orange Mali,,2471,105204f9-baee-4b78-b6ae-5b8875591b5a,2021-02-16T16:06:34,,96
2021-02-16T12:03:14.238Z,2021-02-16T13:02:02.549Z,2021-02-16,3b5bbe021a1812db,,,Aminata Diawara,Bamako,Commune IV,Lafiabougou,,Lafiabougou,12.636063024401665 -8.041381146758795 376.0 3.5,12.636063024401665,-8.041381146758795,376.0,3.5,Antenna,,,Orange Mali ,,2472,89b5627f-eb09-4bd4-9888-1ebf404506eb,2021-02-16T16:06:34,,97
2021-02-16T14:55:00.974Z,2021-02-16T14:56:33.645Z,2021-02-16,3b5bbe021a1812db,,,Aminata Diawara ,Bamako,Commune IV,Lafiabougou,,,12.642901483923197 -8.040425023064017 380.0 2.0,12.642901483923197,-8.040425023064017,380.0,2.0,Antenna,,,Telecel,,2476,791a43bf-850f-4990-88c6-de066e0c02ee,2021-02-16T16:06:36,,98
2021-02-16T11:05:06.362Z,2021-02-16T16:15:29.564Z,2021-02-16,collect:37iYIf9mujLgP7FW,,,ALOU SOW,Bamako,Commune IV,Djikoroni-Para,,ACI2000,12.6215667 -8.035415 364.06 3.9,12.6215667,-8.035415,364.06,3.9,Communication Tower,Distribution Point,Mobile Phone,Orange Mali,,2623,8ddfce36-76db-4ae2-89f6-d265da44ffc6,2021-02-16T16:19:54,,99
2021-02-16T08:41:09.944Z,2021-02-16T08:42:25.855Z,2021-02-16,collect:doqJGB7PZxYJ95Vo,,,Ibrahima BABY ,Bamako,Commune IV,Lafiabougou,,Hamdallaye ACI ,12.6321395 -8.0260626 360.47296438429066 21.666,12.6321395,-8.0260626,360.47296438429066,21.666,Antenna,Distribution Point,Mobile Phone,Télécel,,2631,53679267-7f5c-4969-9d31-bebad2faa458,2021-02-16T16:23:54,,100
2021-02-16T08:45:53.468Z,2021-02-16T08:46:50.424Z,2021-02-16,collect:doqJGB7PZxYJ95Vo,,,Ibrahima BABY ,Bamako,Commune IV,Lafiabougou,,Hamdallaye ACI ,12.6315326 -8.0223149 374.5028381482794 7.833,12.6315326,-8.0223149,374.5028381482794,7.833,Antenna,Distribution Point,Mobile Phone,Malitel ,,2632,2f8e4db7-2f7b-446c-a13a-97ee5172b73f,2021-02-16T16:23:55,,101
2021-02-16T09:08:49.244Z,2021-02-16T09:09:48.882Z,2021-02-16,collect:doqJGB7PZxYJ95Vo,,,Ibrahima BABY ,Bamako,Commune IV,Lafiabougou,,Hamdallaye ACI ,12.6334747 -8.0238257 362.2737977124754 8.0,12.6334747,-8.0238257,362.2737977124754,8.0,Antenna,Distribution Point,Mobile Phone,Orange Mali,,2634,942027cf-fd35-4dba-b538-4a028faa269a,2021-02-16T16:23:56,,102
2021-02-16T09:11:54.680Z,2021-02-16T09:12:45.958Z,2021-02-16,collect:doqJGB7PZxYJ95Vo,,,Ibrahima BABY ,Bamako,Commune IV,Lafiabougou,,Hamdallaye ACI ,12.6300191 -8.0274297 374.62880802609044 6.609,12.6300191,-8.0274297,374.62880802609044,6.609,Antenna,Distribution Point,Mobile Phone,Malitel ,,2635,5e1123f8-9cc9-4e5c-b57a-bf57672c9f9b,2021-02-16T16:23:57,,103
2021-02-16T09:13:01.763Z,2021-02-16T09:13:41.012Z,2021-02-16,collect:doqJGB7PZxYJ95Vo,,,Ibrahima BABY ,Bamako,Commune IV,Lafiabougou,,Hamdallaye ACI ,12.6302125 -8.0272164 376.1567584431883 5.0,12.6302125,-8.0272164,376.1567584431883,5.0,Antenna,Distribution Point,Mobile Phone,Orange Mali ,,2636,defb711b-1cff-4d55-9219-f587d4443932,2021-02-16T16:23:57,,104
2021-02-16T14:20:09.298Z,2021-02-16T14:21:07.455Z,2021-02-16,collect:doqJGB7PZxYJ95Vo,,,Ibrahima BABY ,Bamako,Commune IV,Lafiabougou,,Lafiabougou Taliko ,12.629872 -8.0514922 377.98906031583255 4.857,12.629872,-8.0514922,377.98906031583255,4.857,Antenna,Distribution Point,Mobile Phone,Malitel ,,2647,185fb0f6-91d9-4124-a3e7-aa66219a826d,2021-02-16T16:24:03,,105
2021-02-16T14:21:48.876Z,2021-02-16T14:23:13.336Z,2021-02-16,collect:doqJGB7PZxYJ95Vo,,,Ibrahima BABY ,Bamako,Commune IV,Lafiabougou,,Lafiabougou Taliko ,12.6302846 -8.0514731 381.0966740085505 4.4,12.6302846,-8.0514731,381.0966740085505,4.4,Antenna,Distribution Point,Mobile Phone,Telecel ,,2648,f85ffa87-7fe4-4463-8ba4-3819e8f1049c,2021-02-16T16:24:04,,106
2021-02-16T14:38:22.978Z,2021-02-16T14:40:51.794Z,2021-02-16,collect:doqJGB7PZxYJ95Vo,,,Ibrahima BABY ,Bamako,Commune IV,Lafiabougou,,Lafiabougou ,12.6348925 -8.0444335 399.2739447747633 18.25,12.6348925,-8.0444335,399.2739447747633,18.25,Antenna,Distribution Point,Mobile Phone,Telecel ,,2650,12aaebd3-3e33-46b8-8ff6-993b4e9a2ce3,2021-02-16T16:24:05,,107
2021-02-16T11:05:17.996Z,2021-02-16T11:06:25.331Z,2021-02-16,collect:KvfuVGFOmCFXRwJk,,,Fatoumata Kayentao ,Bamako,Commune IV,Hamdallaye,,ACI2000 ,12.6215733 -8.03518 365.6600061035156 1.566,12.6215733,-8.03518,365.6600061035156,1.566,Antenna,Distribution Point,Mobile Phone,Malitel ,,2664,7f618e73-eee7-44ee-9271-48a347b2336d,2021-02-16T16:27:52,,108
2021-02-16T10:12:36.527Z,2021-02-16T10:13:35.445Z,2021-02-16,collect:kFxmuiAqpWtDo2cV,,,Kousseni Sogoba ,Bamako,Commune III,Point G,,,12.6718567 -7.9950167 522.1805594624425 3.9,12.6718567,-7.9950167,522.1805594624425,3.9,Antenna,Distribution Point,Mobile Phone,Malitel ,,2792,35e52e23-b97d-4366-85a6-96f92b19aec9,2021-02-16T17:13:06,,109
2021-02-16T10:39:26.373Z,2021-02-16T10:40:35.054Z,2021-02-16,collect:kFxmuiAqpWtDo2cV,,,Kousseni Sogoba ,Bamako,Commune III,Point G,,,12.6653383 -7.99129 533.259951171875 3.9,12.6653383,-7.99129,533.259951171875,3.9,Telescope,Connection Point,Television,Malvision,,2795,741717d7-4a6c-48e2-9dd9-09626d63652e,2021-02-16T17:13:07,,110
2021-02-16T10:46:35.497Z,2021-02-16T10:47:31.621Z,2021-02-16,collect:kFxmuiAqpWtDo2cV,,,Kousseni Sogoba ,Bamako,Commune III,Point G,,,12.6704683 -7.9924833 533.259951171875 3.9,12.6704683,-7.9924833,533.259951171875,3.9,Antenna,Connection Point,Mobile Phone,Telecel ,,2796,e5cbc7de-a8f8-4ed5-96e3-0783376c1e9f,2021-02-16T17:13:08,,111
2021-02-16T10:48:54.940Z,2021-02-16T10:49:43.367Z,2021-02-16,collect:kFxmuiAqpWtDo2cV,,,Kousseni Sogoba ,Bamako,Commune III,Point G,,,12.6710317 -7.99286 533.259951171875 3.9,12.6710317,-7.99286,533.259951171875,3.9,Antenna,Distribution Point,Mobile Phone,Orange ,,2797,4df7d49f-449e-4e42-a1fa-92c84151f3ac,2021-02-16T17:13:09,,112
2021-02-16T13:00:24.918Z,2021-02-16T17:51:37.800Z,2021-02-16,collect:liME4UnjomJWBTaV,,,Kodio Moussa,Bamako,Commune V,Daoudabougou,,,12.5900652 -7.9800371 327.7784795421575 3.08,12.5900652,-7.9800371,327.7784795421575,3.08,Antenna,Service Device,Mobile Phone,Malitel,,2853,d8981988-0bdb-468f-aec4-81a9adc5a440,2021-02-16T17:58:55,,113
2021-02-16T13:50:01.568Z,2021-02-16T17:52:47.089Z,2021-02-16,collect:liME4UnjomJWBTaV,,,Kodio Moussa,Bamako,Commune V,Daoudabougou,,,12.5897117 -7.9784467 310.9693245891013 3.483,12.5897117,-7.9784467,310.9693245891013,3.483,Antenna,Service Device,Mobile Phone,Orange mali.,,2854,6dc0d1dc-a330-49b0-b9f0-e9bf95973187,2021-02-16T17:58:56,,114
2021-02-16T11:46:44.672Z,2021-02-16T11:48:26.632Z,2021-02-16,collect:MISsMtgfFQthUhqA,,,Issa keïta ,Bamako,Commune V,Daoudabougou,,,12.6038319 -7.9758922 378.4599938964844 3.9,12.6038319,-7.9758922,378.4599938964844,3.9,Antenna,Distribution Point,Mobile Phone,Orange Mali ,,2881,c25b8568-b926-46cc-b992-9d9cb2ee03e0,2021-02-16T18:17:14,,115
2021-02-16T18:54:17.531Z,2021-02-16T18:55:25.132Z,2021-02-16,358005081307784,,,Ali badara koné ,Bamako,Commune III,Ouolofobougou Bolibana,,Secteur 1,12.648101666666665 -8.009865 358.7 4.7,12.648101666666665,-8.009865,358.7,4.7,Antenna,Distribution Point,Mobile Phone,Orange Mali,,2904,ebd5eb8b-4648-451b-a2bf-fdffacc4842e,2021-02-16T18:56:34,,116
2021-02-16T10:12:20.469Z,2021-02-16T10:17:07.394Z,2021-02-16,collect:8htkpzfiqj8dFVDp,,,Habibatou sanogo,Bamako,Commune III,Point G,,,12.672155 -7.99539 445.8600183105469 1.82,12.672155,-7.99539,445.8600183105469,1.82,Antenna,Connection Point,Mobile Phone,Orange,,2910,f651e8d9-b81c-4597-9c94-4f5cdf1db11b,2021-02-16T19:16:46,,117
2021-02-16T10:21:35.433Z,2021-02-16T10:22:18.995Z,2021-02-16,collect:8htkpzfiqj8dFVDp,,,Habibatou sanogo,Bamako,Commune III,Point G,,,12.6706587 -7.9949823 445.8600183105469 1.56,12.6706587,-7.9949823,445.8600183105469,1.56,Antenna,Connection Point,Mobile Phone,Orange,,2911,9a1c1010-f7fb-41ad-b9d9-3c11983c4c55,2021-02-16T19:16:46,,118
2021-02-16T10:36:41.440Z,2021-02-16T10:37:30.764Z,2021-02-16,collect:8htkpzfiqj8dFVDp,,,Habibatou sanogo,Bamako,Commune III,Point G,,,12.6706264 -7.9955372 445.8600183105469 4.52,12.6706264,-7.9955372,445.8600183105469,4.52,Antenna,Connection Point,Mobile Phone,Orange,,2912,a2177ba0-b9fe-4a6f-a333-a078d6712ec7,2021-02-16T19:16:47,,119
2021-02-16T10:39:12.026Z,2021-02-16T10:40:46.954Z,2021-02-16,collect:8htkpzfiqj8dFVDp,,,Habibatou sanogo,Bamako,Commune III,Point G,,,12.6708138 -7.9951546 445.8600183105469 4.6,12.6708138,-7.9951546,445.8600183105469,4.6,Antenna,Connection Point,Mobile Phone,Malitel,,2913,27af08d9-a7ef-4329-aad6-f62dc09cdb33,2021-02-16T19:16:47,,120
2021-02-16T10:43:44.936Z,2021-02-16T10:45:14.575Z,2021-02-16,collect:8htkpzfiqj8dFVDp,,,Habibatou sanogo,Bamako,Commune III,Point G,,,12.6703609 -7.9954278 445.8600183105469 4.14,12.6703609,-7.9954278,445.8600183105469,4.14,Antenna,Distribution Point,Mobile Phone,Réseau américain,,2915,68066629-9a2e-4142-9d35-c4dc3f4f382d,2021-02-16T19:16:49,,121
2021-02-16T10:53:21.589Z,2021-02-16T10:54:06.327Z,2021-02-16,collect:8htkpzfiqj8dFVDp,,,Habibatou sanogo,Bamako,Commune III,Point G,,,12.6696127 -7.9952467 445.8600183105469 1.783,12.6696127,-7.9952467,445.8600183105469,1.783,Antenna,Exchange,Mobile Phone,Malitel,,2916,5f7f1ed6-818d-4ff9-b21b-2c9492a92850,2021-02-16T19:16:49,,122
2021-02-16T11:04:24.102Z,2021-02-16T11:05:50.473Z,2021-02-16,collect:8htkpzfiqj8dFVDp,,,Habibatou sanogo,Bamako,Commune III,Point G,,,12.6750932 -7.9980199 445.8600183105469 4.42,12.6750932,-7.9980199,445.8600183105469,4.42,Antenna,Distribution Point,Mobile Phone,"Orange
",,2917,9752ec7f-337f-4050-b193-96f4a2603d4c,2021-02-16T19:16:51,,123
2021-02-16T11:04:41.023Z,2021-02-16T11:05:58.469Z,2021-02-16,collect:vZ1IuJDmO5Vr0btQ,,,Daouda Sangaré,Bamako,Commune V,Daoudabougou,,,12.5998116 -7.9878614 367.8 2.7,12.5998116,-7.9878614,367.8,2.7,Antenna,Distribution Point,Mobile Phone,,,2957,98c21c51-d0e5-4057-91fa-a9da53fe6015,2021-02-16T19:24:54,,124
2021-02-16T09:40:05.237Z,2021-02-16T09:41:05.161Z,2021-02-16,collect:HT5m96BSOrMwBzMD,,,Seydou KONE,Bamako,Commune VI,Faladié,,,12.5928617 -7.957485 358.4993454260881 2.28,12.5928617,-7.957485,358.4993454260881,2.28,Antenna,Connection Point,,Malitel,,3038,c29d525a-8510-4bf9-8a74-3547ac77964e,2021-02-16T19:49:42,,125
2021-02-16T10:10:04.851Z,2021-02-16T10:12:01.883Z,2021-02-16,collect:HT5m96BSOrMwBzMD,,,Seydou KONE,Bamako,Commune VI,Niamakoro,,Halles,12.5923788 -7.966245 360.785857502166 2.2,12.5923788,-7.966245,360.785857502166,2.2,Antenna,,,Orange,,3041,ae23478b-4635-43a1-8071-6a687ddb712e,2021-02-16T19:49:44,,126
2021-02-16T15:45:52.004Z,2021-02-16T15:46:41.779Z,2021-02-16,358005081305960,,,Fatoumata CISSE,Bamako,Commune V,Daoudabougou,,,12.60328 -7.988066666666667 350.0 7.3,12.60328,-7.988066666666667,350.0,7.3,Communication Tower,Connection Point,Mobile Phone,,,3166,9e124770-5712-4383-afa9-9a863867b657,2021-02-16T21:01:13,,127
2021-02-16T11:50:39.147Z,2021-02-16T11:54:07.290Z,2021-02-16,collect:n5oaS9J0rPkZfkVZ,,,Bernard Ballo,Bamako,Commune V,Daoudabougou,,,12.6128337 -7.9808451 358.26001220703125 1.833,12.6128337,-7.9808451,358.26001220703125,1.833,Antenna,Service Device,Mobile Phone,Population,,3197,5b4f9474-ae2a-4f2f-97d9-def0b19713d0,2021-02-16T21:48:57,,128
2021-02-16T09:40:34.298Z,2021-02-16T10:08:15.497Z,2021-02-16,collect:SIM9EPAN7xmiLAou,,,Thierno Hady Dembélé,Bamako,Commune VI,Faladié,,Faladiè,12.59406 -7.95892 351.3429384844688 3.9,12.59406,-7.95892,351.3429384844688,3.9,Antenna,Distribution Point,Mobile Phone,OrangeMali,,3212,eddcb5ec-2d22-4d21-9f1f-8a3f3faf4909,2021-02-17T08:07:17,,129
2021-02-16T10:08:32.712Z,2021-02-16T10:09:39.372Z,2021-02-16,collect:SIM9EPAN7xmiLAou,,,Thierno Hady Dembélé ,Bamako,Commune VI,Sogoniko,,Sogoniko Hall de Bamako ,12.5935463 -7.9642542 366.07349457186774 3.9,12.5935463,-7.9642542,366.07349457186774,3.9,Antenna,Distribution Point,Mobile Phone,Malitel,,3215,27694952-6942-4001-a6a9-e8f6766fe9e1,2021-02-17T08:07:19,,130
2021-02-16T10:32:15.500Z,2021-02-16T10:33:36.914Z,2021-02-16,collect:SIM9EPAN7xmiLAou,,,Thierno Hady Dembélé ,Bamako,Commune VI,Niamakoro,,Cité unicef,12.590226 -7.9663959 357.46111192353254 4.973,12.590226,-7.9663959,357.46111192353254,4.973,Antenna,Service Device,Mobile Phone,OrangeMali ,,3221,7f296b33-4fe1-44d9-8b49-e555e7b53669,2021-02-17T08:07:24,,131
2021-02-16T11:51:05.341Z,2021-02-16T11:51:56.129Z,2021-02-16,collect:SIM9EPAN7xmiLAou,,,Thierno Hady Dembélé ,Bamako,Commune VI,Niamakoro,,Cité unicef ,12.5909351 -7.9767367 345.7298779688367 3.9,12.5909351,-7.9767367,345.7298779688367,3.9,Antenna,Distribution Point,Mobile Phone,ORANGEMALI ,,3233,e8aa4473-5283-4848-84f1-e6ffb817c03a,2021-02-17T08:07:33,,132
2021-02-17T10:31:22.828Z,2021-02-17T13:13:44.252Z,2021-02-17,collect:FHdsKPpeR8jLHo9P,,,Salimata Traoré,Bamako,Commune III,Ouolofobougou Bolibana,,,12.650045 -8.0138817 363.7607786296123 1.66,12.650045,-8.0138817,363.7607786296123,1.66,Antenna,Exchange,Mobile Phone,Orange,,3350,21f51a49-1328-4095-8700-c6d06ab70089,2021-02-17T13:18:07,,133
2021-02-17T10:40:52.888Z,2021-02-17T13:14:25.520Z,2021-02-17,collect:FHdsKPpeR8jLHo9P,,,Salimata Traoré,Bamako,Commune III,N'Tomikorobougou,,,12.6550233 -8.0225133 362.89542912734544 1.866,12.6550233,-8.0225133,362.89542912734544,1.866,Communication Tower,Distribution Point,Mobile Phone,Malitel,,3351,ee6cdc66-9678-42cf-928d-939d7126dad4,2021-02-17T13:18:07,,134
2021-02-17T10:56:36.206Z,2021-02-17T13:15:07.653Z,2021-02-17,collect:FHdsKPpeR8jLHo9P,,,Salimata Traoré,Bamako,Commune III,N'Tomikorobougou,,,12.656785 -8.024665 358.9833343101197 2.216,12.656785,-8.024665,358.9833343101197,2.216,Communication Tower,Distribution Point,Mobile Phone,Orange,,3356,8cffc9ac-853c-48e1-b617-e028fd7db784,2021-02-17T13:18:12,,135
2021-02-17T11:26:53.994Z,2021-02-17T11:28:31.189Z,2021-02-17,collect:KvfuVGFOmCFXRwJk,,,Fatoumata Kayentao ,Bamako,Commune IV,Djikoroni-Para,,ACI2000 ,12.61941 -8.0356233 592.6383388188718 3.0,12.61941,-8.0356233,592.6383388188718,3.0,Communication Tower,Distribution Point,Mobile Phone,ORANGE MALI,,3474,f5067501-af06-4c23-8dea-47b92b9d18cc,2021-02-17T16:19:23,,136
2021-02-17T12:03:54.640Z,2021-02-17T12:04:57.863Z,2021-02-17,collect:KvfuVGFOmCFXRwJk,,,Fatoumata Kayentao ,Bamako,Commune IV,Djikoroni-Para,,ACI2000 ,12.61715 -8.037965 593.3007155698544 3.1,12.61715,-8.037965,593.3007155698544,3.1,Communication Tower,Service Device,Mobile Phone,ORANGE  Mali ,,3484,c9919c37-ae20-4b75-8a33-ce61304b9a0d,2021-02-17T16:19:31,,137
2021-02-17T11:01:39.659Z,2021-02-17T11:03:02.259Z,2021-02-17,358005081423789,,,Konaté Baoumou,Bamako,Commune I,Djélibougou,,Djeliboigou,12.664278333333334 -7.947113333333334 342.1 8.0,12.664278333333334,-7.947113333333334,342.1,8.0,Antenna,Connection Point,Mobile Phone,Malitel ,,3629,70879f23-128e-4103-b8e0-f54695a60d0f,2021-02-17T17:50:20,,138
2021-02-17T13:18:25.924Z,2021-02-17T13:20:46.875Z,2021-02-17,358005081423789,,,Konaté  Baoumou,Bamako,Commune I,Djélibougou,,Djelibougou ,12.670563333333332 -7.9423 320.7 7.6,12.670563333333332,-7.9423,320.7,7.6,Antenna,Distribution Point,Mobile Phone,Malitel Moov Africa ,,3645,82d5ca6d-b765-4a6f-bad4-4ea4b7c25279,2021-02-17T17:51:10,,139
2021-02-17T11:01:06.436Z,2021-02-17T11:01:47.059Z,2021-02-17,collect:vZ1IuJDmO5Vr0btQ,,,Daouda Sangaré,Bamako,Commune V,SEMA I,,,12.6185701 -7.9888951 333.2 2.36,12.6185701,-7.9888951,333.2,2.36,Antenna,,Mobile Phone,,,3679,732013bf-59b8-4411-9224-4454129614b6,2021-02-17T17:59:10,,140
2021-02-17T14:03:20.913Z,2021-02-17T14:04:01.655Z,2021-02-17,collect:vZ1IuJDmO5Vr0btQ,,,Daouda Sangaré,Bamako,Commune V,Badalabougou,,,12.6071033 -7.9944767 360.6 2.52,12.6071033,-7.9944767,360.6,2.52,Antenna,,Mobile Phone,Malitel,,3721,8fe3b033-7f09-4133-b51c-2f3667f15651,2021-02-17T17:59:52,,141
2021-02-17T10:44:15.507Z,2021-02-17T10:45:12.750Z,2021-02-17,collect:HT5m96BSOrMwBzMD,,,Seydou KONE,Bamako,Commune VI,Niamakoro,,Niamakoro koko,12.5726883 -7.97756 342.46090964125534 2.283,12.5726883,-7.97756,342.46090964125534,2.283,Antenna,Connection Point,,Orange,,3841,346cb669-e6d7-48e4-8460-e3b63575ea5a,2021-02-17T19:18:02,,142
2021-02-17T10:51:34.580Z,2021-02-17T10:52:46.840Z,2021-02-17,collect:HT5m96BSOrMwBzMD,,,Seydou KONE,Bamako,Commune VI,Niamakoro,,,12.5756467 -7.9778833 359.77521299033145 3.12,12.5756467,-7.9778833,359.77521299033145,3.12,Antenna,Connection Point,,Malitel,,3844,23465cf6-52bf-4659-b206-c42a78ec30aa,2021-02-17T19:18:04,,143
2021-02-17T14:43:24.952Z,2021-02-17T14:44:40.256Z,2021-02-17,collect:HT5m96BSOrMwBzMD,,,Seydou KONE,Bamako,Commune VI,Faladié,,,12.5888119 -7.962567 372.41661509417276 2.4,12.5888119,-7.962567,372.41661509417276,2.4,Antenna,Connection Point,,Orange,,3855,7b2e3495-1223-4052-8e69-66918ebe7199,2021-02-17T19:18:12,,144
2021-02-17T11:14:52.128Z,2021-02-17T11:16:30.060Z,2021-02-17,collect:37iYIf9mujLgP7FW,,,ALOU SOW,Bamako,Commune IV,Djikoroni-Para,,ACI2000,12.6185967 -8.0346367 360.4599938964844 3.9,12.6185967,-8.0346367,360.4599938964844,3.9,Communication Tower,Distribution Point,Mobile Phone,Orange Mali,,4190,e25707c7-3891-4958-aa29-696e94dc86a4,2021-02-18T07:57:05,,145
2021-02-17T11:48:19.284Z,2021-02-17T11:49:19.074Z,2021-02-17,collect:37iYIf9mujLgP7FW,,,ALOU SOW,Bamako,Commune IV,Djikoroni-Para,,ACI2000,12.6182183 -8.0362967 340.38449213742626 3.44,12.6182183,-8.0362967,340.38449213742626,3.44,Communication Tower,Distribution Point,Mobile Phone,Sotelma,,4201,f9cc01fe-f7fa-4f12-a8ad-e00862f99671,2021-02-18T07:57:11,,146
2021-02-17T10:49:47.487Z,2021-02-17T10:50:27.153Z,2021-02-17,collect:SIM9EPAN7xmiLAou,,,Thierno Hady Dembélé ,Bamako,Commune VI,Niamakoro,,Koko ,12.5746934 -7.9784202 368.4599938964844 4.164,12.5746934,-7.9784202,368.4599938964844,4.164,Antenna,Distribution Point,Mobile Phone,ORANGEMALI ,,4318,3cd766a4-0198-4747-9b34-fd189d86f480,2021-02-18T09:35:31,,147
2021-02-17T10:57:18.196Z,2021-02-17T10:57:52.680Z,2021-02-17,collect:SIM9EPAN7xmiLAou,,,Thierno Hady Dembélé ,Bamako,Commune VI,Niamakoro,,Koko ,12.5756285 -7.9729829 368.4599938964844 3.9,12.5756285,-7.9729829,368.4599938964844,3.9,Antenna,Distribution Point,Mobile Phone,OrangeMali ,,4320,e22358f9-cbb0-4c47-8b30-5d724578c83e,2021-02-18T09:35:32,,148
2021-02-17T11:52:07.800Z,2021-02-17T11:52:55.245Z,2021-02-17,collect:SIM9EPAN7xmiLAou,,,Thierno Hady Dembélé ,Bamako,Commune VI,Niamakoro,,Nouveau marché ,12.5728133 -7.9687433 368.4599938964844 3.9,12.5728133,-7.9687433,368.4599938964844,3.9,Antenna,Distribution Point,Mobile Phone,OrangeMali ,,4325,bfa5839e-c0a1-44ca-8572-46bfef83a52e,2021-02-18T09:35:36,,149
2021-02-17T12:31:11.117Z,2021-02-17T12:31:45.293Z,2021-02-17,collect:SIM9EPAN7xmiLAou,,,Thierno Hady Dembélé ,Bamako,Commune VI,Niamakoro,,Koko ,12.5691958 -7.9737932 368.4599938964844 3.9,12.5691958,-7.9737932,368.4599938964844,3.9,Antenna,Distribution Point,Mobile Phone,OrangeMali ,,4331,81fbc581-b51a-43c9-9566-1cef9f7541ad,2021-02-18T09:35:43,,150
2021-02-17T12:40:07.251Z,2021-02-17T12:40:44.672Z,2021-02-17,collect:SIM9EPAN7xmiLAou,,,Thierno Hady Dembélé ,Bamako,Commune VI,Niamakoro,,Koko ,12.5678133 -7.9756281 368.4599938964844 3.9,12.5678133,-7.9756281,368.4599938964844,3.9,Antenna,Distribution Point,Mobile Phone,OrangeMali ,,4334,7b35f5e1-9040-40ab-8704-4a364ca7024b,2021-02-18T09:35:45,,151
2021-02-17T12:48:57.096Z,2021-02-17T12:49:37.413Z,2021-02-17,collect:SIM9EPAN7xmiLAou,,,Thierno Hady Dembélé ,Bamako,Commune VI,Niamakoro,,Koko ,12.5656203 -7.9764429 368.4599938964844 3.9,12.5656203,-7.9764429,368.4599938964844,3.9,Antenna,Distribution Point,Mobile Phone,OrangeMali ,,4336,c588b5b1-39b6-434a-baef-9ccae27437ee,2021-02-18T09:35:47,,152
2021-02-17T14:47:35.433Z,2021-02-17T14:48:12.106Z,2021-02-17,collect:SIM9EPAN7xmiLAou,,,Thierno Hady Dembélé ,Bamako,Commune VI,Faladié,,Faladiè sokoro ,12.5877959 -7.9613843 368.4599938964844 3.9,12.5877959,-7.9613843,368.4599938964844,3.9,Antenna,Distribution Point,Mobile Phone,OrangeMali ,,4339,923718eb-1e49-4883-bb14-b5ada784af5f,2021-02-18T09:35:49,,153
2021-02-17T14:50:17.641Z,2021-02-17T14:51:10.166Z,2021-02-17,collect:SIM9EPAN7xmiLAou,,,Thierno Hady Dembélé ,Bamako,Commune VI,Faladié,,Faladiè sokoro ,12.5873585 -7.9612552 368.4599938964844 3.9,12.5873585,-7.9612552,368.4599938964844,3.9,Antenna,Distribution Point,Mobile Phone,Malitel ,,4340,ec50174c-c1f8-41dd-b6b9-2865d7cb8233,2021-02-18T09:35:50,,154
2021-02-17T12:01:06.617Z,2021-02-17T12:04:04.393Z,2021-02-17,collect:HT5m96BSOrMwBzMD,,,Seydou KONE,Bamako,Commune VI,Niamakoro,,,12.5667056 -7.9697993 383.04682444287175 3.1,12.5667056,-7.9697993,383.04682444287175,3.1,Antenna,Connection Point,,Orange,,4353,8cea125a-0b8a-40f7-9d94-82b5cbf345e2,2021-02-18T10:11:59,,155
2021-02-17T14:54:02.592Z,2021-02-17T14:55:10.444Z,2021-02-17,collect:HT5m96BSOrMwBzMD,,,Seydou KONE,Bamako,Commune VI,Faladié,,,12.5862367 -7.9644733 377.38873096987794 2.62,12.5862367,-7.9644733,377.38873096987794,2.62,Antenna,Connection Point,,Orange ,,4358,383f81af-676d-4392-85db-fa28b7adc1a4,2021-02-18T10:12:04,,156
2021-02-18T09:25:07.763Z,2021-02-18T09:28:04.203Z,2021-02-18,358005081423789,,,Konaté  Baoumou,Bamako,Commune I,Sotuba,,ACI,12.662756666666667 -7.929975 322.8 7.7,12.662756666666667,-7.929975,322.8,7.7,Antenna,Connection Point,Mobile Phone,Téleciel ,,4496,daf4041e-5f39-40e2-acf4-bbb1b2b7fc21,2021-02-18T14:32:29,,157
2021-02-18T09:43:19.283Z,2021-02-18T09:44:18.259Z,2021-02-18,358005081423789,,,Konaté  Baoumou,Bamako,Commune I,Sotuba,,ACI,12.660878333333335 -7.930803333333333 318.1 7.6,12.660878333333335,-7.930803333333333,318.1,7.6,Antenna,Connection Point,Mobile Phone,Orange Mali ,,4502,42995906-f498-496b-b35c-adf591352803,2021-02-18T14:32:38,,158
2021-02-18T10:25:47.383Z,2021-02-18T10:26:55.062Z,2021-02-18,358005081423789,,,Konaté  Baoumou,Bamako,Commune I,Sotuba,,ACI,12.653001666666666 -7.930275 314.2 9.4,12.653001666666666,-7.930275,314.2,9.4,Antenna,Connection Point,Mobile Phone,Orange Mali ,,4517,e181a75c-3ca9-4abf-9f76-307a1f0d5d48,2021-02-18T14:33:03,,159
2021-02-17T08:46:23.321Z,2021-02-17T08:46:56.631Z,2021-02-17,collect:AdfiW4ZdTTGYwc43,,,Anna Diarra,Bamako,Commune IV,Sébéninkoro,,Sebenikoro bailaikoun,12.592847 -8.0670207 368.18793619283394 1.98,12.592847,-8.0670207,368.18793619283394,1.98,Antenna,Distribution Point,Mobile Phone,Orange Mali,,4610,4945ba9d-1433-41d2-9788-9442dd9eacd6,2021-02-18T15:52:16,,160
2021-02-18T10:49:01.390Z,2021-02-18T10:50:11.097Z,2021-02-18,collect:kZCwpco2LamgRepp,,,Bakary Camara,Bamako,Commune IV,Sébéninkoro,,,12.597797712905962 -8.06466315170581 377.0498996598704 8.0,12.597797712905962,-8.06466315170581,377.0498996598704,8.0,Antenna,Service Device,Radio,Radio Benkouma,,4683,5e2ce71f-9f6f-4ac0-b374-cb018a03ef67,2021-02-18T16:23:55,,161
2021-02-18T12:14:10.898Z,2021-02-18T12:15:23.582Z,2021-02-18,collect:kZCwpco2LamgRepp,,,Bakary Camara,Bamako,Commune IV,Sébéninkoro,,Sebenicoro poste,12.578896875043705 -8.072834395065692 383.09558727092525 4.0,12.578896875043705,-8.072834395065692,383.09558727092525,4.0,Antenna,Distribution Point,,Orange ,,4685,38cbd2f6-0124-4319-9511-717d924daddb,2021-02-18T16:23:56,,162
2021-02-18T09:08:58.123Z,2021-02-18T09:11:45.373Z,2021-02-18,collect:KvfuVGFOmCFXRwJk,,,Fatoumata Kayentao ,Bamako,Commune IV,Djikoroni-Para,,Troukabougou ,12.6259217 -8.017905 382.8114112360699 4.85,12.6259217,-8.017905,382.8114112360699,4.85,Antenna,Connection Point,Mobile Phone,Malitel ,,4699,7df26b44-0775-4bdd-8a37-24137c04d4e5,2021-02-18T16:40:52,,163
2021-02-18T09:17:42.309Z,2021-02-18T09:18:39.937Z,2021-02-18,collect:KvfuVGFOmCFXRwJk,,,Fatoumata Kayentao ,Bamako,Commune IV,Djikoroni-Para,,Troukabougou ,12.6236067 -8.0175317 383.51806254615394 3.38,12.6236067,-8.0175317,383.51806254615394,3.38,Antenna,Distribution Point,Mobile Phone,SOTELMA,,4703,69bffc10-c4cf-4394-9abd-6ff8f08bf3a4,2021-02-18T16:40:54,,164
2021-02-18T08:33:25.111Z,2021-02-18T08:34:55.440Z,2021-02-18,collect:37iYIf9mujLgP7FW,,,ALOU SOW,Bamako,Commune IV,Djikoroni-Para,,Troukabougou,12.6260767 -8.0150117 357.06 3.0,12.6260767,-8.0150117,357.06,3.0,Antenna,Connection Point,Mobile Phone,Orange Mali,,4719,d4dfb966-ffa3-4173-9042-69db720f0008,2021-02-18T16:41:20,,165
2021-02-18T08:42:51.653Z,2021-02-18T08:43:55.129Z,2021-02-18,collect:37iYIf9mujLgP7FW,,,ALOU SOW,Bamako,Commune IV,Djikoroni-Para,,Troukabougou,12.6269783 -8.0157333 357.06 3.416,12.6269783,-8.0157333,357.06,3.416,Mast,Distribution Point,Mobile Phone,Malitel,,4723,6f5bf14a-91a5-4959-a4c0-63c27c83e084,2021-02-18T16:41:25,,166
2021-02-18T13:50:54.757Z,2021-02-18T13:51:37.260Z,2021-02-18,collect:vZ1IuJDmO5Vr0btQ,,,Daouda Sangaré,Bamako,Commune V,Baco - Djicoroni,,Golf,12.58436 -8.0072 392.6 3.12,12.58436,-8.0072,392.6,3.12,Antenna,,Mobile Phone,Malilte,,4949,28909e98-03aa-48c2-9f8f-026119f6cbab,2021-02-18T17:23:02,,167
2021-02-18T14:11:04.695Z,2021-02-18T14:11:38.390Z,2021-02-18,collect:vZ1IuJDmO5Vr0btQ,,,Daouda Sangaré,Bamako,Commune V,Baco - Djicoroni,,Golf,12.5870004 -8.0074388 390.6 2.44,12.5870004,-8.0074388,390.6,2.44,Antenna,,Mobile Phone,,,4956,acbe44be-94e4-47bd-81cc-33253dd4795e,2021-02-18T17:23:06,,168
2021-02-17T08:33:11.971Z,2021-02-17T08:47:53.566Z,2021-02-17,collect:doqJGB7PZxYJ95Vo,,,Ibrahima BABY,Bamako,Commune IV,Lafiabougou,,Hamdallaye ACI,12.627071 -8.0275091 371.9514726976934 7.666,12.627071,-8.0275091,371.9514726976934,7.666,Antenna,Distribution Point,Mobile Phone,Malitel ,,4969,0c070a69-fa4e-47ab-8df8-22c967c58b74,2021-02-18T18:06:37,,169
2021-02-17T08:38:18.121Z,2021-02-17T08:39:16.350Z,2021-02-17,collect:doqJGB7PZxYJ95Vo,,,Ibrahima BABY ,Bamako,Commune IV,Lafiabougou,,Hamdallaye ACI ,12.6264426 -8.0285797 376.6807549923619 5.714,12.6264426,-8.0285797,376.6807549923619,5.714,Antenna,Distribution Point,Mobile Phone,Orange Mali ,,4970,5a1cacf2-c583-40f1-b4de-9ee12828a53d,2021-02-18T18:06:38,,170
2021-02-17T08:42:17.917Z,2021-02-17T17:29:54.120Z,2021-02-17,collect:doqJGB7PZxYJ95Vo,,,Ibrahima BABY,Bamako,Commune IV,Lafiabougou,,Hamdallaye ACI,12.6282445 -8.0277764 374.80834621476663 33.333,12.6282445,-8.0277764,374.80834621476663,33.333,Antenna,Distribution Point,Mobile Phone,Malitel ,,4971,ec0c8e34-e10a-4a9d-a105-88900f6c50ee,2021-02-18T18:07:50,,171
2021-02-17T09:13:48.771Z,2021-02-17T10:08:28.006Z,2021-02-17,collect:doqJGB7PZxYJ95Vo,,,Ibrahima BABY,Bamako,Commune IV,Lafiabougou,,Hamdallaye ACI,12.6226338 -8.0266961 371.37362662866957 5.2,12.6226338,-8.0266961,371.37362662866957,5.2,Antenna,Distribution Point,Mobile Phone,Orange Mali ,,4972,0fe3f05f-4c5f-465e-b196-fee6ecce9fa8,2021-02-18T18:07:51,,172
2021-02-18T10:35:05.534Z,2021-02-18T10:38:49.151Z,2021-02-18,collect:n5oaS9J0rPkZfkVZ,,,Bernard Ballo,Bamako,Commune V,Baco - Djicoroni,,,12.6011938 -8.0196049 359.6194451758411 2.066,12.6011938,-8.0196049,359.6194451758411,2.066,Antenna,Service Device,Mobile Phone,Population,,4988,84abf180-0f37-4b9c-97a5-b7fecbfec988,2021-02-18T18:28:09,,173
2021-02-18T13:29:26.730Z,2021-02-18T13:31:08.430Z,2021-02-18,collect:liME4UnjomJWBTaV,,,Kodio Moussa,Bamako,Commune V,Baco - Djicoroni,,Fitiribougouni,12.5892685 -8.0108665 372.1127445926099 3.9,12.5892685,-8.0108665,372.1127445926099,3.9,Antenna,Service Device,Mobile Phone,Orange Mali,,5010,99c30ca7-47c6-434d-8b8c-7d4f02339866,2021-02-18T18:55:17,,174
2021-02-18T11:09:27.246Z,2021-02-18T11:10:45.739Z,2021-02-18,collect:YOr78JsZpLkhP6SJ,,,Mahamady Camara ,Bamako,Commune IV,Sébéninkoro,,Sebenikoro ,12.5907746 -8.0693419 366.6600061035156 3.9,12.5907746,-8.0693419,366.6600061035156,3.9,Antenna,Distribution Point,Mobile Phone,Moov Africa ,,5024,1cbce968-9196-416c-a845-6f488d9e66cb,2021-02-18T19:15:52,,175
2021-02-18T13:13:48.075Z,2021-02-18T13:14:44.664Z,2021-02-18,collect:YOr78JsZpLkhP6SJ,,,Mahamady ,Bamako,Commune IV,Sébéninkoro,,Sebenikoro ,12.5814624 -8.0715986 366.6600061035156 3.9,12.5814624,-8.0715986,366.6600061035156,3.9,Antenna,Distribution Point,Mobile Phone,Moov africa ,,5029,956fc63a-4468-4b7a-82e2-78c8fcdb1025,2021-02-18T19:15:54,,176
2021-02-18T13:16:44.963Z,2021-02-18T13:17:55.563Z,2021-02-18,collect:YOr78JsZpLkhP6SJ,,,Mahamady Camara ,Bamako,Commune IV,Sébéninkoro,,Mahamady Camara ,12.5802864 -8.0720007 366.6600061035156 3.9,12.5802864,-8.0720007,366.6600061035156,3.9,Antenna,Distribution Point,Mobile Phone,Moov africa ,,5030,a02df7c4-3c67-448c-a8ae-495b6b75c489,2021-02-18T19:15:55,,177
2021-02-18T14:22:00.559Z,2021-02-18T14:23:12.695Z,2021-02-18,collect:no6U5V4eMLGVKt3U,,,Minata M Konaré,Bamako,Commune V,Baco - Djicoroni,,,12.589962 -8.0178653 387.1600061035156 1.65,12.589962,-8.0178653,387.1600061035156,1.65,Antenna,Service Device,Mobile Phone,Malitel,,5181,ddc409e3-017c-474a-b2d4-439eccb17697,2021-02-19T12:50:03,,178
